"Path","Hash"
"C:\Users\marou\WingParetoProject\data\raw\abiba\ABIBA_polars.zip","A9C340F2EF22AC91BFE5A17C725DDA5D"
"C:\Users\marou\WingParetoProject\data\raw\abiba\manifest_md5.csv","EF17AAA7926B86A60A13FC609350324F"
"C:\Users\marou\WingParetoProject\data\raw\abiba\manifest_md5_20260213_221201.csv","6D47D110E535CC8531596055F0070192"
"C:\Users\marou\WingParetoProject\data\raw\abiba\manifest_md5_20260213_221210.csv","85E38581DF6BD2F356601EAB6099C3B0"
"C:\Users\marou\WingParetoProject\data\raw\abiba\manifest_md5_20260213_221255.csv","8CEE656A747DC744AB8C1EF306FB3534"
"C:\Users\marou\WingParetoProject\data\raw\abiba\airfoil\du00w2401.dat","D708148D055B999C36E7585634AEA2DA"
"C:\Users\marou\WingParetoProject\data\raw\abiba\misc\base_pressure_ports.txt","9FB7B4670C0A359DA505CC583B5CA0BD"
"C:\Users\marou\WingParetoProject\data\raw\abiba\polars\polar_clean.txt","B70F85D55CE79260316074E4EB67DD95"
"C:\Users\marou\WingParetoProject\data\raw\abiba\polars\polar_clean_2e6.txt","4179DB90012C573C6218CE878213894B"
"C:\Users\marou\WingParetoProject\data\raw\abiba\polars\polar_config_a_clean.txt","1835E6E048BBF8958180E227FAC21531"
"C:\Users\marou\WingParetoProject\data\raw\abiba\polars\polar_config_a_trip.txt","FE3EF5E170EC09D3E97B606EFBE905EE"
"C:\Users\marou\WingParetoProject\data\raw\abiba\polars\polar_config_b_clean.txt","33AD2B192C656706C1D6B4802B84DD79"
"C:\Users\marou\WingParetoProject\data\raw\abiba\polars\polar_config_b_trip.txt","DD6E681DD681740AA0EA16B265027591"
"C:\Users\marou\WingParetoProject\data\raw\abiba\polars\polar_config_c_clean.txt","68E02127B10A1B5A7917C5CEED1ABC62"
"C:\Users\marou\WingParetoProject\data\raw\abiba\polars\polar_config_c_trip.txt","440240B400D3E1FBAFB446B680DFBD02"
"C:\Users\marou\WingParetoProject\data\raw\abiba\polars\polar_config_d_clean.txt","42CEA9230F1F8B2D45A5D908C8C144B5"
"C:\Users\marou\WingParetoProject\data\raw\abiba\polars\polar_config_d_trip.txt","49B2652F9D13A0BB6C09A133A18DE73D"
"C:\Users\marou\WingParetoProject\data\raw\abiba\polars\polar_config_e_clean.txt","D19ACE7EE100CB9B1E179E95D1368F4C"
"C:\Users\marou\WingParetoProject\data\raw\abiba\polars\polar_config_e_trip.txt","DB7DEB5C76E2CCD85968B2F86BBC1A4A"
"C:\Users\marou\WingParetoProject\data\raw\abiba\polars\polar_config_f_clean.txt","72341924B399867916A13EC054BEDC68"
"C:\Users\marou\WingParetoProject\data\raw\abiba\polars\polar_config_f_trip.txt","D9A4F1679A359AD745B9CE59E737788C"
"C:\Users\marou\WingParetoProject\data\raw\abiba\polars\polar_config_g_clean.txt","14635D00D29251B573F800B91A970B44"
"C:\Users\marou\WingParetoProject\data\raw\abiba\polars\polar_config_g_trip.txt","B8998CD8F2C5AE1E0991EE2B1CB4C3FB"
"C:\Users\marou\WingParetoProject\data\raw\abiba\polars\polar_config_h_clean.txt","160AEC1437566076580FF18E2D740339"
"C:\Users\marou\WingParetoProject\data\raw\abiba\polars\polar_config_h_trip.txt","43C34385D89CB3F8E6B7833EB4681B27"
"C:\Users\marou\WingParetoProject\data\raw\abiba\polars\polar_config_i_clean.txt","C3281CFDB3919BC3F74DF187D52E148B"
"C:\Users\marou\WingParetoProject\data\raw\abiba\polars\polar_config_i_trip.txt","817E048984ADA0783128623BA5610F18"
"C:\Users\marou\WingParetoProject\data\raw\abiba\polars\polar_trip.txt","EAC800E0218F890DF55F1CF38CACAE25"
"C:\Users\marou\WingParetoProject\data\raw\abiba\polars\polar_trip_2e6.txt","5094305C3BD1C28D5499413D8A6D2D3B"
"C:\Users\marou\WingParetoProject\data\raw\abiba\polars\polar_vg_clean.txt","854B76628AEAA3637F8939A73FD4BA3D"
"C:\Users\marou\WingParetoProject\data\raw\abiba\polars\polar_vg_clean_2e6.txt","7583C15FF887A6558E0A633D822AE06E"
"C:\Users\marou\WingParetoProject\data\raw\abiba\polars\polar_vg_trip.txt","08538B151C9FF210CE7A842F43EAABCC"
"C:\Users\marou\WingParetoProject\data\raw\abiba\polars\polar_vg_trip_2e6.txt","F2C4841371E1D5D7C2425F1567E0AA38"
